{
	"table": "liked_post",
	"rows":
	[
		{
			"User_ID": 1,
			"Post_ID": 2
		},
		{
			"User_ID": 1,
			"Post_ID": 10
		},
		{
			"User_ID": 1,
			"Post_ID": 12
		},
		{
			"User_ID": 1,
			"Post_ID": 17
		},
		{
			"User_ID": 1,
			"Post_ID": 19
		},
		{
			"User_ID": 1,
			"Post_ID": 20
		},
		{
			"User_ID": 2,
			"Post_ID": 1
		},
		{
			"User_ID": 2,
			"Post_ID": 2
		},
		{
			"User_ID": 2,
			"Post_ID": 5
		},
		{
			"User_ID": 2,
			"Post_ID": 12
		},
		{
			"User_ID": 2,
			"Post_ID": 13
		},
		{
			"User_ID": 3,
			"Post_ID": 1
		},
		{
			"User_ID": 3,
			"Post_ID": 3
		},
		{
			"User_ID": 3,
			"Post_ID": 4
		},
		{
			"User_ID": 3,
			"Post_ID": 10
		},
		{
			"User_ID": 3,
			"Post_ID": 20
		},
		{
			"User_ID": 4,
			"Post_ID": 1
		},
		{
			"User_ID": 4,
			"Post_ID": 9
		},
		{
			"User_ID": 4,
			"Post_ID": 10
		},
		{
			"User_ID": 4,
			"Post_ID": 13
		},
		{
			"User_ID": 5,
			"Post_ID": 5
		},
		{
			"User_ID": 5,
			"Post_ID": 7
		},
		{
			"User_ID": 5,
			"Post_ID": 10
		},
		{
			"User_ID": 6,
			"Post_ID": 10
		},
		{
			"User_ID": 6,
			"Post_ID": 11
		},
		{
			"User_ID": 6,
			"Post_ID": 16
		},
		{
			"User_ID": 6,
			"Post_ID": 18
		},
		{
			"User_ID": 6,
			"Post_ID": 20
		},
		{
			"User_ID": 7,
			"Post_ID": 4
		},
		{
			"User_ID": 7,
			"Post_ID": 7
		},
		{
			"User_ID": 7,
			"Post_ID": 11
		},
		{
			"User_ID": 7,
			"Post_ID": 13
		},
		{
			"User_ID": 7,
			"Post_ID": 19
		},
		{
			"User_ID": 8,
			"Post_ID": 5
		},
		{
			"User_ID": 8,
			"Post_ID": 6
		},
		{
			"User_ID": 8,
			"Post_ID": 9
		},
		{
			"User_ID": 8,
			"Post_ID": 10
		},
		{
			"User_ID": 8,
			"Post_ID": 16
		},
		{
			"User_ID": 9,
			"Post_ID": 5
		},
		{
			"User_ID": 9,
			"Post_ID": 9
		},
		{
			"User_ID": 9,
			"Post_ID": 19
		},
		{
			"User_ID": 9,
			"Post_ID": 20
		},
		{
			"User_ID": 10,
			"Post_ID": 2
		},
		{
			"User_ID": 10,
			"Post_ID": 3
		},
		{
			"User_ID": 10,
			"Post_ID": 14
		},
		{
			"User_ID": 10,
			"Post_ID": 15
		}
	]
}