[
  {
    "Comment_ID": 1,
    "User_ID": 4,
    "Post_ID": 19,
    "Comment": "leo odio porttitor id consequat in consequat ut nulla sed accumsan felis ut at dolor quis odio"
  },
  {
    "Comment_ID": 2,
    "User_ID": 10,
    "Post_ID": 9,
    "Comment": "amet consectetuer adipiscing elit proin interdum mauris non ligula pellentesque ultrices phasellus id sapien"
  },
  {
    "Comment_ID": 3,
    "User_ID": 10,
    "Post_ID": 10,
    "Comment": "montes nascetur ridiculus mus vivamus vestibulum sagittis sapien cum sociis"
  },
  {
    "Comment_ID": 4,
    "User_ID": 5,
    "Post_ID": 14,
    "Comment": "rutrum nulla tellus in sagittis dui vel nisl duis ac nibh fusce lacus purus aliquet at feugiat non pretium quis"
  },
  {
    "Comment_ID": 5,
    "User_ID": 3,
    "Post_ID": 9,
    "Comment": "nullam sit amet turpis elementum ligula vehicula consequat morbi a ipsum integer"
  },
  {
    "Comment_ID": 6,
    "User_ID": 10,
    "Post_ID": 19,
    "Comment": "ultrices erat tortor sollicitudin mi sit amet lobortis sapien sapien non mi integer ac neque duis bibendum"
  },
  {
    "Comment_ID": 7,
    "User_ID": 8,
    "Post_ID": 9,
    "Comment": "ut at dolor quis odio consequat varius integer ac leo pellentesque"
  },
  {
    "Comment_ID": 8,
    "User_ID": 4,
    "Post_ID": 16,
    "Comment": "in hac habitasse platea dictumst morbi vestibulum velit id pretium iaculis diam erat fermentum justo nec condimentum"
  },
  {
    "Comment_ID": 9,
    "User_ID": 6,
    "Post_ID": 20,
    "Comment": "in lectus pellentesque at nulla suspendisse potenti cras in purus eu magna vulputate luctus cum"
  },
  {
    "Comment_ID": 10,
    "User_ID": 2,
    "Post_ID": 3,
    "Comment": "non pretium quis lectus suspendisse potenti in eleifend quam a odio in hac habitasse"
  },
  {
    "Comment_ID": 11,
    "User_ID": 3,
    "Post_ID": 2,
    "Comment": "morbi quis tortor id nulla ultrices aliquet maecenas leo odio condimentum"
  },
  {
    "Comment_ID": 12,
    "User_ID": 4,
    "Post_ID": 16,
    "Comment": "vestibulum sed magna at nunc commodo placerat praesent blandit nam nulla integer pede justo lacinia eget"
  },
  {
    "Comment_ID": 13,
    "User_ID": 3,
    "Post_ID": 2,
    "Comment": "ullamcorper purus sit amet nulla quisque arcu libero rutrum ac lobortis vel dapibus"
  },
  {
    "Comment_ID": 14,
    "User_ID": 3,
    "Post_ID": 4,
    "Comment": "non mauris morbi non lectus aliquam sit amet diam in magna"
  },
  {
    "Comment_ID": 15,
    "User_ID": 5,
    "Post_ID": 2,
    "Comment": "morbi porttitor lorem id ligula suspendisse ornare consequat lectus in est risus auctor sed tristique"
  },
  {
    "Comment_ID": 16,
    "User_ID": 4,
    "Post_ID": 1,
    "Comment": "non lectus aliquam sit amet diam in magna bibendum imperdiet nullam orci pede venenatis non sodales sed tincidunt"
  },
  {
    "Comment_ID": 17,
    "User_ID": 4,
    "Post_ID": 18,
    "Comment": "ac enim in tempor turpis nec euismod scelerisque quam turpis adipiscing lorem"
  },
  {
    "Comment_ID": 18,
    "User_ID": 4,
    "Post_ID": 15,
    "Comment": "quam suspendisse potenti nullam porttitor lacus at turpis donec posuere metus vitae ipsum"
  },
  {
    "Comment_ID": 19,
    "User_ID": 3,
    "Post_ID": 20,
    "Comment": "justo sit amet sapien dignissim vestibulum vestibulum ante ipsum primis in faucibus orci luctus et ultrices posuere cubilia curae"
  },
  {
    "Comment_ID": 20,
    "User_ID": 4,
    "Post_ID": 9,
    "Comment": "feugiat et eros vestibulum ac est lacinia nisi venenatis tristique fusce congue diam"
  },
  {
    "Comment_ID": 21,
    "User_ID": 9,
    "Post_ID": 7,
    "Comment": "sed tincidunt eu felis fusce posuere felis sed lacus morbi sem mauris laoreet ut rhoncus aliquet pulvinar sed"
  },
  {
    "Comment_ID": 22,
    "User_ID": 7,
    "Post_ID": 3,
    "Comment": "placerat ante nulla justo aliquam quis turpis eget elit sodales scelerisque mauris sit amet eros suspendisse accumsan"
  },
  {
    "Comment_ID": 23,
    "User_ID": 10,
    "Post_ID": 6,
    "Comment": "luctus et ultrices posuere cubilia curae mauris viverra diam vitae quam suspendisse potenti nullam"
  },
  {
    "Comment_ID": 24,
    "User_ID": 7,
    "Post_ID": 16,
    "Comment": "in leo maecenas pulvinar lobortis est phasellus sit amet erat nulla tempus vivamus in felis eu sapien cursus vestibulum"
  },
  {
    "Comment_ID": 25,
    "User_ID": 7,
    "Post_ID": 17,
    "Comment": "volutpat eleifend donec ut dolor morbi vel lectus in quam fringilla rhoncus mauris enim"
  },
  {
    "Comment_ID": 26,
    "User_ID": 3,
    "Post_ID": 10,
    "Comment": "molestie sed justo pellentesque viverra pede ac diam cras pellentesque volutpat dui maecenas"
  },
  {
    "Comment_ID": 27,
    "User_ID": 4,
    "Post_ID": 15,
    "Comment": "pede libero quis orci nullam molestie nibh in lectus pellentesque at nulla"
  },
  {
    "Comment_ID": 28,
    "User_ID": 5,
    "Post_ID": 4,
    "Comment": "in tempor turpis nec euismod scelerisque quam turpis adipiscing lorem vitae mattis nibh ligula nec sem"
  },
  {
    "Comment_ID": 29,
    "User_ID": 5,
    "Post_ID": 2,
    "Comment": "non velit nec nisi vulputate nonummy maecenas tincidunt lacus at velit vivamus vel"
  },
  {
    "Comment_ID": 30,
    "User_ID": 6,
    "Post_ID": 17,
    "Comment": "massa donec dapibus duis at velit eu est congue elementum in hac"
  },
  {
    "Comment_ID": 31,
    "User_ID": 3,
    "Post_ID": 8,
    "Comment": "dictumst maecenas ut massa quis augue luctus tincidunt nulla mollis molestie"
  },
  {
    "Comment_ID": 32,
    "User_ID": 4,
    "Post_ID": 8,
    "Comment": "sed tristique in tempus sit amet sem fusce consequat nulla nisl nunc nisl duis bibendum felis sed"
  },
  {
    "Comment_ID": 33,
    "User_ID": 8,
    "Post_ID": 18,
    "Comment": "odio cras mi pede malesuada in imperdiet et commodo vulputate justo in"
  },
  {
    "Comment_ID": 34,
    "User_ID": 8,
    "Post_ID": 19,
    "Comment": "pede libero quis orci nullam molestie nibh in lectus pellentesque at nulla suspendisse potenti cras in purus"
  },
  {
    "Comment_ID": 35,
    "User_ID": 1,
    "Post_ID": 7,
    "Comment": "rhoncus sed vestibulum sit amet cursus id turpis integer aliquet massa id lobortis convallis tortor risus dapibus"
  },
  {
    "Comment_ID": 36,
    "User_ID": 10,
    "Post_ID": 5,
    "Comment": "volutpat quam pede lobortis ligula sit amet eleifend pede libero quis orci nullam molestie nibh"
  },
  {
    "Comment_ID": 37,
    "User_ID": 1,
    "Post_ID": 10,
    "Comment": "cubilia curae duis faucibus accumsan odio curabitur convallis duis consequat dui nec nisi volutpat eleifend donec ut dolor morbi vel"
  },
  {
    "Comment_ID": 38,
    "User_ID": 3,
    "Post_ID": 8,
    "Comment": "ipsum primis in faucibus orci luctus et ultrices posuere cubilia curae nulla"
  },
  {
    "Comment_ID": 39,
    "User_ID": 1,
    "Post_ID": 14,
    "Comment": "at dolor quis odio consequat varius integer ac leo pellentesque ultrices mattis odio donec"
  },
  {
    "Comment_ID": 40,
    "User_ID": 5,
    "Post_ID": 4,
    "Comment": "consequat morbi a ipsum integer a nibh in quis justo"
  }
]
