[
  {
    "User_ID": 1,
    "Name": "Brose McCreery",
    "Age": 22,
    "Birthday": "1993-03-01",
    "Email": "bmccreery0@bloomberg.com",
    "Phone": "(858) 1604103",
    "City": "Gujba",
    "Country": "Nigeria"
  },
  {
    "User_ID": 2,
    "Name": "Darla Joret",
    "Age": 23,
    "Birthday": "1996-09-08",
    "Email": "djoret1@latimes.com",
    "Phone": "(859) 9667080",
    "City": "Zoumaping",
    "Country": "China"
  },
  {
    "User_ID": 3,
    "Name": "Marcia Ivasyushkin",
    "Age": 16,
    "Birthday": "2000-06-17",
    "Email": "mivasyushkin2@nydailynews.com",
    "Phone": "(412) 6782559",
    "City": "Três de Maio",
    "Country": "Brazil"
  },
  {
    "User_ID": 4,
    "Name": "Sherlock Ryde",
    "Age": 22,
    "Birthday": "1991-06-08",
    "Email": "sryde3@ed.gov",
    "Phone": "(190) 6466427",
    "City": "Baroh",
    "Country": "Indonesia"
  },
  {
    "User_ID": 5,
    "Name": "Quintus Mahaddy",
    "Age": 22,
    "Birthday": "1996-08-26",
    "Email": "qmahaddy4@123-reg.co.uk",
    "Phone": "(567) 3310071",
    "City": "Cruz das Almas",
    "Country": "Brazil"
  },
  {
    "User_ID": 6,
    "Name": "Garwood Dumingos",
    "Age": 18,
    "Birthday": "1999-07-26",
    "Email": "gdumingos5@wufoo.com",
    "Phone": "(779) 6222613",
    "City": "Tabuaço",
    "Country": "Portugal"
  },
  {
    "User_ID": 7,
    "Name": "Laural Wallach",
    "Age": 30,
    "Birthday": "1998-01-11",
    "Email": "lwallach6@github.com",
    "Phone": "(283) 8439630",
    "City": "Périgueux",
    "Country": "France"
  },
  {
    "User_ID": 8,
    "Name": "Christen Purchon",
    "Age": 28,
    "Birthday": "1992-04-24",
    "Email": "cpurchon7@umich.edu",
    "Phone": "(872) 8312472",
    "City": "Przasnysz",
    "Country": "Poland"
  },
  {
    "User_ID": 9,
    "Name": "Eunice Kirk",
    "Age": 19,
    "Birthday": "1992-10-06",
    "Email": "ekirk8@hatena.ne.jp",
    "Phone": "(847) 8038365",
    "City": "Bassar",
    "Country": "Togo"
  },
  {
    "User_ID": 10,
    "Name": "Kessia Landeg",
    "Age": 28,
    "Birthday": "1990-04-06",
    "Email": "klandeg9@bluehost.com",
    "Phone": "(280) 8616457",
    "City": "Bratsigovo",
    "Country": "Bulgaria"
  }
]